checkpoints/pi05_droid/assets/droid/norm_stats.json	4460	LovFVH3Hl/HfX05UARNggg==
checkpoints/pi05_droid/params/_CHECKPOINT_METADATA	258	WNL3HK6F0A1Szb1qyp9iVQ==
checkpoints/pi05_droid/params/_METADATA	21402	2KbT3SeW+TztM+bI4gRvTQ==
checkpoints/pi05_droid/params/_sharding	11420	fWlnNNk1SS+IQh+CEMIX6g==
checkpoints/pi05_droid/params/array_metadatas/process_0	8856	/YmvRR2S0+o29qZiGEPt0w==
checkpoints/pi05_droid/params/d/ce0f37e421bcc089104ea18d07a87f8a	2125	TeA3QLf7AnP2ezyU2SzhqA==
checkpoints/pi05_droid/params/manifest.ocdbt	117	SVVAmEIK0PvJKgJIdzP1Hw==
checkpoints/pi05_droid/params/ocdbt.process_0/d/213a5648ef56840990e3a9d6fca5eb89	2238010952	S5/V10DYfyLH+e0AKYlFkw==
checkpoints/pi05_droid/params/ocdbt.process_0/d/3d66a3d641ef2a488f1a3dad19dcc9fa	2254235960	6BoxHHueGAY0mWznsstijg==
checkpoints/pi05_droid/params/ocdbt.process_0/d/413535d55493c7cbed0b50498ab7bbed	811530994	pQYj+nK+sj5q6zhTpdSrgg==
checkpoints/pi05_droid/params/ocdbt.process_0/d/4d9301f722d470026c2077e91a2a9845	4877	yoiW2iK8KbTbHpbopRyf0Q==
checkpoints/pi05_droid/params/ocdbt.process_0/d/5d3a6bc124e3135474f32512fabd1b05	34981888	bLj1ySorpUckI9+CvYHrUg==
checkpoints/pi05_droid/params/ocdbt.process_0/d/8c310ea761a921bf26a70c03ca485197	5801086	Xw21ZpVibw2fd69EJfMAcw==
checkpoints/pi05_droid/params/ocdbt.process_0/d/8fac3a77c4f18f0ef5ebc8208373833a	2237971599	/Uz8Y6eI0BohbFW00UO/6w==
checkpoints/pi05_droid/params/ocdbt.process_0/d/a0c170c234922db4ca080df944165efe	1954680867	49uroInxCJFj3T568FSsGA==
checkpoints/pi05_droid/params/ocdbt.process_0/d/b4bb4418fe26353e2e194fdee8d52d98	959	SyQlcdHxC1mB7etdJweciA==
checkpoints/pi05_droid/params/ocdbt.process_0/d/b862fdd01b4477d01ea1f43ddb38b88f	2797559229	DDanCx06zjsEDvCSd/ZuAA==
checkpoints/pi05_droid/params/ocdbt.process_0/d/bc8c706bafc394cde9dc5c45bc6fcc41	70003953	npAc1epC545XkNj6h66PnQ==
checkpoints/pi05_droid/params/ocdbt.process_0/d/edabb12082994ee3894f5d98c7a3282c	24657140	2dRNsDj5YIUBpQS+eDCNgw==
checkpoints/pi05_droid/params/ocdbt.process_0/manifest.ocdbt	456	5HhWIt9/jmkOX0SuYTNI7A==
